epoch,accuracy,loss,precision,recall,val_accuracy,val_loss,val_precision,val_recall
0,0.8927500247955322,0.35879823565483093,0.9189049601554871,0.9686904549598694,0.9070000052452087,0.31564778089523315,0.9070000052452087,1.0
1,0.9182500243186951,0.28456610441207886,0.9182500243186951,1.0,0.9070000052452087,0.3096495568752289,0.9070000052452087,1.0
2,0.9185000061988831,0.283627986907959,0.9184796214103699,1.0,0.9070000052452087,0.3119899034500122,0.9070000052452087,1.0
